Field name	Latin name	BRC concept	Name in BRC database
3365	Abies alba	Vas_2395	Abies alba
3366	Abies grandis	Vas_2396	Abies grandis
102	Acer campestre (c)	Vas_3	Acer campestre
2599	Acer campestre (g)	Vas_3	Acer campestre
2598	Acer campestre (s)	Vas_3	Acer campestre
2753	Acer platanoides (c)	Vas_4	Acer platanoides
2653	Acer platanoides (g)	Vas_4	Acer platanoides
103	Acer pseudoplatanus (c)	Vas_5	Acer pseudoplatanus
2601	Acer pseudoplatanus (g)	Vas_5	Acer pseudoplatanus
2600	Acer pseudoplatanus (s)	Vas_5	Acer pseudoplatanus
2781	Acer seedling/sp	Vas_4661	Acer
104	Achillea millefolium	Vas_7	Achillea millefolium
105	Achillea ptarmica	Vas_9	Achillea ptarmica
2650	Aconitum napellus	Vas_14	Aconitum napellus
107	Acorus calamus	Vas_15	Acorus calamus
109	Adoxa moschatellina	Vas_19	Adoxa moschatellina
110	Aegopodium podagraria	Vas_20	Aegopodium podagraria
111	Aesculus hippocastanum (c)	Vas_2241	Aesculus hippocastanum
112	Aethusa cynapium	Vas_21	Aethusa cynapium
113	Agrimonia eupatoria	Vas_22	Agrimonia eupatoria
114	Agrimonia procera	Vas_23	Agrimonia procera
119	Agrostemma githago	Vas_34	Agrostemma githago
120	Agrostis canina	Vas_35.2	Agrostis canina
123	Agrostis capillaris	Vas_40	Agrostis capillaris
3079	Agrostis curtisii	Vas_38	Agrostis curtisii
121	Agrostis gigantea	Vas_36	Agrostis gigantea
2767	Agrostis sp	Vas_4579	Agrostis
122	Agrostis stolonifera	Vas_39	Agrostis stolonifera
2701	Agrostis vinealis	Vas_35.1	Agrostis vinealis
124	Aira caryophyllea	Vas_41	Aira caryophyllea
125	Aira praecox	Vas_42	Aira praecox
127	Ajuga reptans	Vas_46	Ajuga reptans
129	Alchemilla alpina	Vas_48	Alchemilla alpina
131	Alchemilla filicaulis	Vas_4480	Alchemilla filicaulis
2705	Alchemilla filicaulis vestita	Vas_57	Alchemilla filicaulis subsp. vestita
132	Alchemilla glabra	Vas_51	Alchemilla glabra
135	Alchemilla minima	Vas_53	Alchemilla minima
136	Alchemilla mollis	Vas_2255	Alchemilla mollis
139	Alchemilla tytthantha	Vas_2275	Alchemilla tytthantha
141	Alchemilla xanthochlora	Vas_60	Alchemilla xanthochlora
2320	Alectoria nigricans	Fun_8061	Alectoria nigricans
2786	Alectoria sp	Fun_8060	Alectoria
3263	Algal mat	Alg_2335	Algae(group not known)
144	Alliaria petiolata	Vas_64	Alliaria petiolata
151	Allium ursinum	Vas_75	Allium ursinum
152	Allium vineale	Vas_76	Allium vineale
153	Alnus glutinosa (c)	Vas_77	Alnus glutinosa
2603	Alnus glutinosa (g)	Vas_77	Alnus glutinosa
2602	Alnus glutinosa (s)	Vas_77	Alnus glutinosa
3377	Alnus incana	Vas_78	Alnus incana
156	Alopecurus geniculatus	Vas_82	Alopecurus geniculatus
158	Alopecurus pratensis	Vas_85	Alopecurus pratensis
4325	Alopecurus sp	Vas_4682	Alopecurus
1460	Amblystegium serpens	Bry_19	Amblystegium serpens
1461	Amblystegium varium	Bry_20	Hygroamblystegium varium
1463	Amphidium mougeotii	Bry_22	Amphidium mougeotii
161	Anagallis arvensis	Vas_99	Anagallis arvensis
163	Anagallis tenella	Vas_100	Anagallis tenella
2056	Anastrepta orcadensis	Bry_683	Anastrepta orcadensis
2057	Anastrophyllum donianum	Bry_684	Anastrophyllum donnianum
1464	Andreaea alpina	Bry_23	Andreaea alpina
1465	Andreaea rothii	Bry_1067	Andreaea rothii
1466	Andreaea rupestris	Bry_1068	Andreaea rupestris
166	Anemone nemorosa	Vas_105	Anemone nemorosa
2256	Aneura pinguis	Bry_901	Aneura pinguis
167	Angelica sylvestris	Vas_109	Angelica sylvestris
1469	Anomobryum filiforme	Bry_1503	Anomobryum julaceum s.l.
168	Antennaria dioica	Vas_116	Antennaria dioica
2059	Anthelia julacea	Bry_686	Anthelia julacea
2060	Anthelia juratzkana	Bry_687	Anthelia juratzkana
3385	Anthemis tinctoria	Vas_120	Anthemis tinctoria
171	Anthoxanthum odoratum	Vas_121	Anthoxanthum odoratum
173	Anthriscus sylvestris	Vas_125	Anthriscus sylvestris
174	Anthyllis vulneraria	Vas_126	Anthyllis vulneraria
175	Antirrhinum majus	Vas_127	Antirrhinum majus
177	Aphanes arvensis	Vas_132	Aphanes arvensis
180	Apium inundatum	Vas_135	Apium inundatum
185	Arabis hirsuta	Vas_146	Arabis hirsuta
2792	Arctium agg	Vas_22000	Arctium minus agg.
2765	Arctium lappa	Vas_151	Arctium lappa
186	Arctium minus	Vas_2405	Arctium minus
188	Arctium minus ssp pubens	Vas_154	Arctium minus subsp. pubens
189	Arctostaphylos uva-ursi	Vas_155	Arctostaphylos uva-ursi
194	Arenaria serpyllifolia	Vas_162	Arenaria serpyllifolia
195	Armeria maritima	Vas_166	Armeria maritima
197	Arrhenatherum elatius	Vas_169	Arrhenatherum elatius
201	Arum maculatum	Vas_176	Arum maculatum
2660	Asparagus officinalis ssp prostratus	Vas_179.2	Asparagus officinalis subsp. prostratus
202	Asperula cynanchica	Vas_5472	Asperula cynanchica
3114	Asplenium onopteris	Vas_185.2	Asplenium onopteris
212	Astragalus danicus	Vas_207	Astragalus danicus
215	Athyrium filix-femina	Vas_211	Athyrium filix-femina
1480	Atrichum undulatum	Bry_40	Atrichum undulatum
217	Atriplex prostrata	Vas_214	Atriplex prostrata
221	Atropa belladonna	Vas_219	Atropa belladonna
1481	Aulacomnium androgynum	Bry_41	Aulacomnium androgynum
1482	Aulacomnium palustre	Bry_42	Aulacomnium palustre
222	Avena fatua	Vas_220	Avena fatua
655	Avenula pratensis	Vas_961	Helictotrichon pratense
656	Avenula pubescens	Vas_962	Helictotrichon pubescens
3068	Bacidia bagliettoana	Fun_9408	Bacidia bagliettoana
225	Ballota nigra	Vas_225	Ballota nigra
226	Barbarea intermedia	Vas_226	Barbarea intermedia
2065	Barbilophozia atlantica	Bry_692	Barbilophozia atlantica
2067	Barbilophozia barbata	Bry_694	Barbilophozia barbata
2068	Barbilophozia floerkei	Bry_695	Barbilophozia floerkei
2069	Barbilophozia hatcheri	Bry_696	Barbilophozia hatcheri
2071	Barbilophozia lycopodioides	Bry_698	Barbilophozia lycopodioides
6010	Barbilophozia sp	Bry_1271	Barbilophozia
1485	Barbula convoluta	Bry_45	Barbula convoluta
1488	Barbula ferruginascens	Bry_49	Bryoerythrophyllum ferruginascens
2800	Barbula sp	Bry_1098	Barbula
1500	Barbula unguiculata	Bry_62	Barbula unguiculata
2074	Bazzania tricrenata	Bry_701	Bazzania tricrenata
230	Bellis perennis	Vas_231	Bellis perennis
237	Betula pendula (c)	Vas_239	Betula pendula
2607	Betula pendula (g)	Vas_239	Betula pendula
2606	Betula pendula (s)	Vas_239	Betula pendula
238	Betula pendula x pubescens (c)	Vas_2301	Betula pendula x pubescens (B. x aurata)
236	Betula pubescens (c)	Vas_240	Betula pubescens
2605	Betula pubescens (g)	Vas_240	Betula pubescens
2604	Betula pubescens (s)	Vas_240	Betula pubescens
3324	Betula pubescens odorata	Vas_240.1	Betula pubescens subsp. tortuosa
2802	Betula seedling/sp	Vas_4445	Betula
1002	Bilderdykia convolvulus	Vas_1527	Fallopia convolvulus
241	Blackstonia perfoliata	Vas_243	Blackstonia perfoliata
242	Blechnum spicant	Vas_244	Blechnum spicant
1507	Blindia acuta	Bry_69	Blindia acuta
245	Botrychium lunaria	Vas_248	Botrychium lunaria
246	Brachypodium pinnatum	Vas_249	Brachypodium pinnatum s.l.
247	Brachypodium sylvaticum	Vas_250	Brachypodium sylvaticum
1510	Brachythecium albicans	Bry_72	Brachythecium albicans
1515	Brachythecium plumosum	Bry_77	Sciuro-hypnum plumosum
1518	Brachythecium rivulare	Bry_80	Brachythecium rivulare
1519	Brachythecium rutabulum	Bry_81	Brachythecium rutabulum
3046	Brachythecium sp	Bry_1103	Brachythecium
1522	Brachythecium velutinum	Bry_84	Brachytheciastrum velutinum
248	Brassica napus	Vas_251	Brassica napus
1523	Breutelia chrysocoma	Bry_85	Breutelia chrysocoma
251	Briza media	Vas_256	Briza media
254	Bromus commutatus	Vas_262	Bromus commutatus
256	Bromus erectus	Vas_263	Bromopsis erecta
258	Bromus hordeaceus hordeaceus	Vas_270	Bromus hordeaceus subsp. hordeaceus
263	Bromus hordeaceus thominei	Vas_275	Bromus hordeaceus subsp. thominei
3430	Bromus pseudosecalinus	Vas_2382	Bromus pseudosecalinus
259	Bromus racemosus	Vas_271	Bromus racemosus
260	Bromus ramosus	Vas_272	Bromopsis ramosa
3698	Bromus sp	Vas_4752	Bromus
262	Bromus sterilis	Vas_113	Anisantha sterilis
264	Bryonia cretica dioica	Vas_276	Bryonia dioica
4441	Bryophyte spp	Bry_4331	Bryophytes
1524	Bryum alpinum	Bry_87	Bryum alpinum
1531	Bryum capillare	Bry_94	Bryum capillare
1543	Bryum pallens	Bry_110	Bryum pallens
1544	Bryum pallescens	Bry_111	Bryum pallescens
1546	Bryum pseudotriquetrum	Bry_113	Bryum pseudotriquetrum
1549	Bryum rubens	Bry_115	Bryum rubens
2807	Bryum sp	Bry_1106	Bryum
270	Calamagrostis epigejos	Vas_293	Calamagrostis epigejos
272	Calamintha sylvatica ascendens	Vas_296	Clinopodium ascendens
1444	Calliergon cordifolium	Bry_3	Calliergon cordifolium
1445	Calliergon cuspidatum	Bry_4	Calliergonella cuspidata
1446	Calliergon giganteum	Bry_5	Calliergon giganteum
1447	Calliergon sarmentosum	Bry_6	Sarmentypnum sarmentosum
1448	Calliergon stramineum	Bry_7	Straminergon stramineum
274	Callitriche hamulata	Vas_303.1	Callitriche hamulata
278	Calluna vulgaris	Vas_309	Calluna vulgaris
279	Caltha palustris	Vas_310	Caltha palustris
2078	Calypogeia arguta	Bry_705	Calypogeia arguta
6001	Calypogeia azurea	Bry_711	Calypogeia azurea
3005	Calypogeia cf. muelleriana	Bry_1275	Calypogeia
2079	Calypogeia fissa	Bry_706	Calypogeia fissa
2080	Calypogeia muelleriana	Bry_707	Calypogeia muelleriana
2814	Calypogeia sp	Bry_1275	Calypogeia
2082	Calypogeia sphagnicola	Bry_709	Calypogeia sphagnicola
2084	Calypogeia trichomanis	Bry_711	Calypogeia azurea
281	Calystegia sepium	Vas_311	Calystegia sepium
284	Campanula glomerata	Vas_315	Campanula glomerata
2667	Campanula rapunculoides	Vas_320	Campanula rapunculoides
288	Campanula rotundifolia	Vas_322	Campanula rotundifolia
1566	Campylium chrysophyllum	Bry_129	Campyliadelphus chrysophyllus
1571	Campylium stellatum	Bry_1078	Campylium stellatum s.l.
1572	Campylopus atrovirens	Bry_137	Campylopus atrovirens
1575	Campylopus fragilis	Bry_140	Campylopus fragilis
1576	Campylopus introflexus	Bry_141	Campylopus introflexus
1574	Campylopus paradoxus	Bry_139	Campylopus flexuosus
1577	Campylopus pyriformis	Bry_142	Campylopus pyriformis
4282	Campylopus sp	Bry_1110	Campylopus
290	Capsella bursa-pastoris	Vas_325	Capsella bursa-pastoris
291	Cardamine amara	Vas_327	Cardamine amara
292	Cardamine flexuosa	Vas_328	Cardamine flexuosa
293	Cardamine hirsuta	Vas_329	Cardamine hirsuta
295	Cardamine pratensis	Vas_331	Cardamine pratensis
2668	Cardamine sp.	Vas_4771	Cardamine
298	Carduus acanthoides	Vas_5687.1	Carduus crispus subsp. multiflorus
299	Carduus nutans	Vas_337	Carduus nutans
302	Carex acutiformis	Vas_341	Carex acutiformis
307	Carex bigelowii	Vas_349	Carex bigelowii
308	Carex binervis	Vas_350	Carex binervis
309	Carex capillaris	Vas_353	Carex capillaris
310	Carex caryophyllea	Vas_355	Carex caryophyllea
311	Carex curta	Vas_359	Carex curta
312	Carex demissa	Vas_361	Carex viridula subsp. oedocarpa
315	Carex dioica	Vas_365	Carex dioica
317	Carex disticha	Vas_367	Carex disticha
319	Carex echinata	Vas_370	Carex echinata
322	Carex extensa	Vas_374	Carex extensa
2672	Carex filiformis	Vas_375	Carex filiformis
323	Carex flacca	Vas_376	Carex flacca
324	Carex hirta	Vas_381	Carex hirta
325	Carex hostiana	Vas_382	Carex hostiana
327	Carex laevigata	Vas_385	Carex laevigata
329	Carex lepidocarpa	Vas_387	Carex viridula subsp. brachyrrhyncha
330	Carex limosa	Vas_388	Carex limosa
342	Carex magellanica	Vas_403	Carex magellanica
332	Carex muricata	Vas_398	Carex muricata
333	Carex nigra	Vas_393	Carex nigra
335	Carex ornithopoda	Vas_395	Carex ornithopoda
336	Carex otrubae	Vas_396	Carex otrubae
337	Carex ovalis	Vas_397	Carex ovalis
339	Carex panicea	Vas_400	Carex panicea
340	Carex paniculata	Vas_401	Carex paniculata
343	Carex pendula	Vas_404	Carex pendula
344	Carex pilulifera	Vas_405	Carex pilulifera
347	Carex pulicaris	Vas_408	Carex pulicaris
349	Carex rariflora	Vas_410	Carex rariflora
350	Carex remota	Vas_412	Carex remota
351	Carex riparia	Vas_413	Carex riparia
352	Carex rostrata	Vas_414	Carex rostrata
2706	Carex seedling/sp	Vas_4583	Carex
356	Carex spicata	Vas_357	Carex spicata
358	Carex strigosa	Vas_420	Carex strigosa
359	Carex sylvatica	Vas_421	Carex sylvatica
2673	Carex viridula ssp scottica	Vas_387.2	Carex viridula subsp. brachyrrhyncha var. scotica
362	Carlina vulgaris	Vas_427	Carlina vulgaris
363	Carpinus betulus (c)	Vas_428	Carpinus betulus
2677	Carpinus betulus (g)	Vas_428	Carpinus betulus
366	Castanea sativa (c)	Vas_432	Castanea sativa
2818	Castanea sativa (g)	Vas_432	Castanea sativa
2744	Castanea sativa (s)	Vas_432	Castanea sativa
1585	Catoscopium nigritum	Bry_149	Catoscopium nigritum
370	Centaurea cyanus	Vas_440	Centaurea cyanus
371	Centaurea nigra	Vas_444	Centaurea nigra
372	Centaurea scabiosa	Vas_446	Centaurea scabiosa
373	Centaurium erythraea	Vas_5486	Centaurium erythraea
375	Centaurium pulchellum	Vas_453	Centaurium pulchellum
2086	Cephalozia bicuspidata	Bry_714	Cephalozia bicuspidata
3287	Cephalozia bicuspidata var. lammersiana	Bry_714	Cephalozia bicuspidata
2088	Cephalozia connivens	Bry_716	Cephalozia connivens
2092	Cephalozia lunulifolia	Bry_721	Cephalozia lunulifolia
2098	Cephaloziella divaricata	Bry_732	Cephaloziella divaricata
2094	Cephaloziella hampeana	Bry_727	Cephaloziella hampeana
2095	Cephaloziella massalongi	Bry_729	Cephaloziella massalongi
2703	Cephaloziella sp	Bry_1277	Cephaloziella
378	Cerastium alpinum	Vas_460	Cerastium alpinum
380	Cerastium arvense	Vas_461	Cerastium arvense
381	Cerastium diffusum	Vas_462	Cerastium diffusum
384	Cerastium fontanum	Vas_467	Cerastium fontanum
383	Cerastium glomeratum	Vas_466	Cerastium glomeratum
385	Cerastium semidecandrum	Vas_469	Cerastium semidecandrum
4294	Cerastium sp	Vas_4524	Cerastium
439	Ceratocapnos claviculata	Vas_555	Ceratocapnos claviculata
1586	Ceratodon purpureus	Bry_151.2	Ceratodon purpureus
2332	Cetraria islandica	Fun_8279	Cetraria islandica
2333	Cetraria nivalis	Fun_8406	Cetraria nivalis
390	Chaerophyllum temulum	Vas_476	Chaerophyllum temulum
2682	Chamaecyparis lawsoniana	Vas_2398	Chamaecyparis lawsoniana
391	Chamerion angustifolium	Vas_477	Chamerion angustifolium
840	Chamomilla recutita	Vas_1239	Matricaria recutita
839	Chamomilla suaveolens	Vas_1242	Matricaria discoidea
394	Chelidonium majus	Vas_480	Chelidonium majus
395	Chenopodium album	Vas_482	Chenopodium album
399	Chenopodium polyspermum	Vas_493	Chenopodium polyspermum
407	Chrysosplenium alternifolium	Vas_505	Chrysosplenium alternifolium
408	Chrysosplenium oppositifolium	Vas_506	Chrysosplenium oppositifolium
414	Circaea lutetiana	Vas_513	Circaea lutetiana
1591	Cirriphyllum crassinervium	Bry_156	Cirriphyllum crassinervium
1592	Cirriphyllum piliferum	Bry_157	Cirriphyllum piliferum
2687	Cirsium acaule	Vas_514	Cirsium acaule
415	Cirsium arvense	Vas_515	Cirsium arvense
2714	Cirsium dissectum	Vas_516	Cirsium dissectum
416	Cirsium eriophorum	Vas_517	Cirsium eriophorum
417	Cirsium helenioides	Vas_518	Cirsium heterophyllum
418	Cirsium palustre	Vas_520	Cirsium palustre
2822	Cirsium sp	Vas_4807	Cirsium
419	Cirsium vulgare	Vas_522	Cirsium vulgare
2340	Cladonia arbuscula	Fun_7695	Cladonia arbuscula
2342	Cladonia bellidiflora	Fun_7696	Cladonia bellidiflora
2823	Cladonia carneola	Fun_7700	Cladonia carneola
2824	Cladonia cervicornis	Fun_7702	Cladonia cervicornis
2346	Cladonia chlorophaea	Fun_7707	Cladonia chlorophaea
3007	Cladonia chlorophaea agg	Fun_7407	Cladonia chlorophaea agg.
6027	Cladonia ciliata ciliata	Fun_9741	Cladonia ciliata var. ciliata
2389	Cladonia ciliata var tenuis	Fun_7709	Cladonia ciliata var. tenuis
2347	Cladonia coccifera	Fun_7710	Cladonia coccifera
2348	Cladonia coniocraea	Fun_9742	Cladonia coniocraea
2352	Cladonia crispata	Fun_7714	Cladonia crispata
2354	Cladonia deformis	Fun_7718	Cladonia deformis
2358	Cladonia digitata	Fun_7722	Cladonia digitata
6003	Cladonia diversa	Fun_9743	Cladonia diversa
2359	Cladonia fimbriata	Fun_7724	Cladonia fimbriata
2360	Cladonia floerkeana	Fun_7726	Cladonia floerkeana
2368	Cladonia fragilissima	Fun_7728	Cladonia fragilissima
2362	Cladonia furcata	Fun_7729	Cladonia furcata
2363	Cladonia glauca	Fun_7732	Cladonia glauca
2365	Cladonia gracilis	Fun_7734	Cladonia gracilis
2369	Cladonia luteoalba	Fun_7740	Cladonia luteoalba
2370	Cladonia macilenta	Fun_7741	Cladonia macilenta
2356	Cladonia metacorallifera	Fun_7746	Cladonia metacorallifera
2373	Cladonia ochrochlora	Fun_7749	Cladonia ochrochlora
2377	Cladonia pocillum	Fun_7084	Cladonia pocillum
2378	Cladonia polydactyla	Fun_7756	Cladonia polydactyla
2366	Cladonia portentosa	Fun_7085	Cladonia portentosa
2379	Cladonia pyxidata	Fun_7758	Cladonia pyxidata
2380	Cladonia rangiferina	Fun_2024	Cladonia rangiferina
2381	Cladonia rangiformis	Fun_7086	Cladonia rangiformis
3099	Cladonia rei	Fun_7762	Cladonia rei
2382	Cladonia scabriuscula	Fun_7763	Cladonia scabriuscula
2694	Cladonia sp	Fun_7406	Cladonia
2383	Cladonia squamosa	Fun_7764	Cladonia squamosa
2385	Cladonia subcervicornis	Fun_7772	Cladonia subcervicornis
2386	Cladonia subrangiformis	Fun_7773	Cladonia subrangiformis
2388	Cladonia subulata	Fun_7775	Cladonia subulata
2391	Cladonia uncialis	Fun_7781	Cladonia uncialis
2105	Cladopodiella fluitans	Bry_739	Cladopodiella fluitans
421	Clematis vitalba	Vas_528	Clematis vitalba
1593	Climacium dendroides	Bry_158	Climacium dendroides
422	Clinopodium vulgare	Vas_530	Clinopodium vulgare
427	Cochlearia officinalis	Vas_535	Cochlearia officinalis
423	Cochlearia pyrenaica	Vas_5422	Cochlearia pyrenaica
2718	Cochlearia seedling/sp	Vas_4812	Cochlearia
2410	Coelocaulon aculeata	Fun_9277	Coelocaulon aculeatum
2412	Coelocaulon muricata	Fun_9300	Coelocaulon muricatum
428	Coeloglossum viride	Vas_537	Coeloglossum viride
429	Colchicum autumnale	Vas_538	Colchicum autumnale
2407	Collema tenax	Fun_8335	Collema tenax
2110	Conocephalum conicum	Bry_745	Conocephalum conicum s.l.
431	Conopodium majus	Vas_541	Conopodium majus
432	Convallaria majalis	Vas_543	Convallaria majalis
433	Convolvulus arvensis	Vas_544	Convolvulus arvensis
3013	Coriscium viride	Fun_9744	Lichenomphalia hudsoniana
4316	Cornicularia sp	Fun_8342	Cornicularia
2983	Cornus sanguinea (g)	Vas_548	Cornus sanguinea
1325	Cornus sanguinea (s)	Vas_548	Cornus sanguinea
2757	Corylus avellana (c)	Vas_557	Corylus avellana
2610	Corylus avellana (g)	Vas_557	Corylus avellana
441	Corylus avellana (s)	Vas_557	Corylus avellana
443	Cotoneaster simonsii	Vas_563	Cotoneaster simonsii
444	Crambe maritima	Vas_565	Crambe maritima
2690	Crataegus laevigata	Vas_570	Crataegus laevigata
2750	Crataegus monogyna (c)	Vas_569	Crataegus monogyna
2611	Crataegus monogyna (g)	Vas_569	Crataegus monogyna
445	Crataegus monogyna (s)	Vas_569	Crataegus monogyna
1596	Cratoneuron commutatum	Bry_161	Palustriella commutata s.l.
1598	Cratoneuron filicinum	Bry_163.3	Cratoneuron filicinum
4308	Cratoneuron sp	Bry_1121	Cratoneuron
447	Crepis capillaris	Vas_572	Crepis capillaris
449	Crepis paludosa	Vas_576	Crepis paludosa
2692	Crepis sp.	Vas_4527	Crepis
455	Cruciata laevipes	Vas_875	Cruciata laevipes
456	Cryptogramma crispa	Vas_586	Cryptogramma crispa
1600	Ctenidium molluscum	Bry_166	Ctenidium molluscum
457	Cymbalaria muralis	Vas_592	Cymbalaria muralis
3503	Cymbalaria pallida	Vas_593	Cymbalaria pallida
459	Cynoglossum officinale	Vas_596	Cynoglossum officinale
460	Cynosurus cristatus	Vas_597	Cynosurus cristatus
461	Cynosurus echinatus	Vas_598	Cynosurus echinatus
463	Cystopteris fragilis	Vas_603	Cystopteris fragilis
3042	Cytisus scoparius (g)	Vas_1822	Cytisus scoparius
465	Dactylis glomerata	Vas_607	Dactylis glomerata
466	Dactylorhiza fuchsii	Vas_608	Dactylorhiza fuchsii
467	Dactylorhiza incarnata	Vas_609	Dactylorhiza incarnata
468	Dactylorhiza maculata ericetorum	Vas_610.1	Dactylorhiza maculata subsp. ericetorum
470	Dactylorhiza purpurella	Vas_613	Dactylorhiza purpurella
3192	Dactylorhiza sp.	Vas_4528	Dactylorhiza
1249	Danthonia decumbens	Vas_1915	Danthonia decumbens
472	Daphne laureola (s)	Vas_617	Daphne laureola
473	Daphne mezereum	Vas_618	Daphne mezereum
475	Daucus carota	Vas_5474	Daucus carota
3349	Dermatocarpon luridum	Fun_9419	Dermatocarpon luridum
477	Deschampsia cespitosa cespitosa	Vas_627.1	Deschampsia cespitosa subsp. cespitosa
478	Deschampsia flexuosa	Vas_628	Deschampsia flexuosa
1608	Desmatodon cernuus	Bry_177	Tortula cernua
369	Desmazeria rigida	Vas_435	Catapodium rigidum
1615	Dicranella heteromalla	Bry_184	Dicranella heteromalla
1616	Dicranella palustris	Bry_187	Dichodontium palustre
1618	Dicranella schreberana	Bry_186	Dicranella schreberiana
1621	Dicranella varia	Bry_189	Dicranella varia
1623	Dicranodontium denudatum	Bry_191	Dicranodontium denudatum
1626	Dicranoweissia cirrata	Bry_193	Dicranoweisia cirrata
1629	Dicranum bonjeani	Bry_197	Dicranum bonjeanii
1633	Dicranum fuscescens	Bry_201.3	Dicranum fuscescens
1635	Dicranum majus	Bry_203	Dicranum majus
1637	Dicranum polysetum	Bry_205	Dicranum polysetum
1638	Dicranum scoparium	Bry_206	Dicranum scoparium
1639	Dicranum scottianum	Bry_207	Dicranum scottianum
2831	Dicranum sp	Bry_1132	Dicranum
482	Digitalis purpurea	Vas_640	Digitalis purpurea
4802	Dimerella pineti	Fun_9745	Dimerella pineti
817	Diphasium alpinum	Vas_1213	Diphasiastrum alpinum
2113	Diplophyllum albicans	Bry_747	Diplophyllum albicans
3363	Diploschistes muscorum	Fun_8373	Diploschistes muscorum
3063	Diploschistes scruposus	Fun_8374	Diploschistes scruposus
1649	Ditrichum flexicaule	Bry_216	Ditrichum flexicaule s.l.
1650	Ditrichum heteromallum	Bry_217	Ditrichum heteromallum
1656	Drepanocladus fluitans	Bry_224	Warnstorfia fluitans
1658	Drepanocladus revolvens	Bry_226	Scorpidium revolvens s.l.
1659	Drepanocladus sendtneri	Bry_227	Drepanocladus sendtneri
3117	Drepanocladus sp	Bry_1138	Drepanocladus
494	Drosera rotundifolia	Vas_657	Drosera rotundifolia
497	Dryopteris aemula	Vas_660	Dryopteris aemula
498	Dryopteris borreri	Vas_662	Dryopteris affinis
501	Dryopteris carthusiana	Vas_666	Dryopteris carthusiana
499	Dryopteris dilatata	Vas_661	Dryopteris dilatata
500	Dryopteris filix-mas	Vas_665	Dryopteris filix-mas
2702	Dryopteris sp	Vas_4634	Dryopteris
504	Echium vulgare	Vas_670	Echium vulgare
508	Eleocharis multicaulis	Vas_674	Eleocharis multicaulis
115	Elymus caninus	Vas_7006	Elymus caninus
118	Elymus repens	Vas_33	Elytrigia repens
514	Empetrum nigrum hermaphroditum	Vas_683	Empetrum nigrum subsp. hermaphroditum
515	Empetrum nigrum nigrum	Vas_685	Empetrum nigrum subsp. nigrum
1667	Entodon concinnus	Bry_235	Entodon concinnus
1670	Ephemerum sessile	Bry_240	Ephemerum sessile
517	Epilobium adenocaulon	Vas_688	Epilobium ciliatum
519	Epilobium alsinifolium	Vas_690	Epilobium alsinifolium
520	Epilobium anagallidifolium	Vas_691	Epilobium anagallidifolium
521	Epilobium hirsutum	Vas_692	Epilobium hirsutum
522	Epilobium montanum	Vas_695	Epilobium montanum
523	Epilobium nerterioides	Vas_699	Epilobium brunnescens
524	Epilobium obscurum	Vas_696	Epilobium obscurum
525	Epilobium palustre	Vas_697	Epilobium palustre
526	Epilobium parviflorum	Vas_698	Epilobium parviflorum
527	Epilobium roseum	Vas_700	Epilobium roseum
2836	Epilobium sp	Vas_4530	Epilobium
518	Epilobium tetragonum tetragonum	Vas_689	Epilobium tetragonum subsp. tetragonum
530	Epipactis helleborine	Vas_705	Epipactis helleborine
532	Equisetum arvense	Vas_712	Equisetum arvense
533	Equisetum fluviatile	Vas_713	Equisetum fluviatile
535	Equisetum palustre	Vas_717	Equisetum palustre
536	Equisetum pratense	Vas_718	Equisetum pratense
537	Equisetum sylvaticum	Vas_720	Equisetum sylvaticum
538	Equisetum telmateia	Vas_721	Equisetum telmateia
541	Erica cinerea	Vas_726	Erica cinerea
542	Erica tetralix	Vas_731	Erica tetralix
543	Erigeron acer	Vas_733	Erigeron acer
546	Eriophorum angustifolium	Vas_740	Eriophorum angustifolium
2839	Eriophorum gracile	Vas_742	Eriophorum gracile
548	Eriophorum vaginatum	Vas_744	Eriophorum vaginatum
551	Erodium maritimum	Vas_748	Erodium maritimum
554	Erophila verna agg.	Vas_753	Erophila verna s.l.
3138	Euonymus europaeus (g)	Vas_762	Euonymus europaeus
557	Euonymus europaeus (s)	Vas_762	Euonymus europaeus
558	Eupatorium cannabinum	Vas_763	Eupatorium cannabinum
2840	Euphorbia amygdaloides	Vas_764	Euphorbia amygdaloides
2772	Euphrasia confusa	Vas_788	Euphrasia confusa
2776	Euphrasia nemorosa	Vas_798	Euphrasia nemorosa
568	Euphrasia officinalis agg	Vas_2243	Euphrasia officinalis agg.
3547	Euphrasia rivularis	Vas_803	Euphrasia rivularis
2778	Euphrasia scottica	Vas_807	Euphrasia scottica
6024	Euphrasia sp	Vas_4531	Euphrasia
3548	Euphrasia stricta	Vas_5429	Euphrasia stricta
4216	Eurhynchium meridionale	Bry_247	Plasteurhynchium meridionale
1677	Eurhynchium praelongum	Bry_249	Kindbergia praelonga
3269	Eurhynchium praelongum var. stokesii	Bry_249	Kindbergia praelonga
1936	Eurhynchium pumilum	Bry_529	Oxyrrhynchium pumilum
4319	Eurhynchium sp	Bry_1146	Eurhynchium
1681	Eurhynchium striatum	Bry_255	Eurhynchium striatum
1682	Eurhynchium swartzii	Bry_256	Oxyrrhynchium hians
570	Fagus sylvatica (c)	Vas_810	Fagus sylvatica
2613	Fagus sylvatica (g)	Vas_810	Fagus sylvatica
2612	Fagus sylvatica (s)	Vas_810	Fagus sylvatica
572	Festuca arundinacea	Vas_813	Festuca arundinacea
577	Festuca filiformis	Vas_822.2	Festuca filiformis
573	Festuca gigantea	Vas_816	Festuca gigantea
574	Festuca ovina	Vas_822	Festuca ovina
579	Festuca ovina/rubra (vegetative)	Vas_23635	Festuca ovina or Festuca rubra
575	Festuca pratensis	Vas_823	Festuca pratensis
576	Festuca rubra	Vas_825	Festuca rubra
578	Festuca vivipara	Vas_826	Festuca vivipara
646	Filaginella uliginosa	Vas_941	Gnaphalium uliginosum
2720	Filamentous algae	XXX_123	Filamentous algae
583	Filipendula ulmaria	Vas_833	Filipendula ulmaria
584	Filipendula vulgaris	Vas_834	Filipendula vulgaris
1683	Fissidens adianthoides	Bry_257	Fissidens adianthoides
1685	Fissidens bryoides	Bry_260	Fissidens bryoides var. bryoides
1686	Fissidens celticus	Bry_1000	Fissidens celticus
1688	Fissidens cristatus	Bry_262	Fissidens dubius
1691	Fissidens incurvus	Bry_266	Fissidens incurvus
1692	Fissidens osmundoides	Bry_269	Fissidens osmundoides
3088	Fissidens sp	Bry_1147	Fissidens
1695	Fissidens taxifolius	Bry_274	Fissidens taxifolius
1696	Fissidens viridulus	Bry_275	Fissidens viridulus
3124	Fossombronia crozalsii	Bry_756	Fossombronia mittenii
587	Fragaria vesca	Vas_838	Fragaria vesca
588	Frangula alnus	Vas_839	Frangula alnus
589	Fraxinus excelsior (c)	Vas_841	Fraxinus excelsior
2615	Fraxinus excelsior (g)	Vas_841	Fraxinus excelsior
2614	Fraxinus excelsior (s)	Vas_841	Fraxinus excelsior
2126	Frullania dilatata	Bry_764	Frullania dilatata
3090	Frullania sp	Bry_1290	Frullania
2130	Frullania tamarisci	Bry_768	Frullania tamarisci
1702	Funaria hygrometrica	Bry_284	Funaria hygrometrica
598	Galanthus nivalis	Vas_860	Galanthus nivalis
3563	Galega officinalis	Vas_861	Galega officinalis
601	Galeopsis speciosa	Vas_867	Galeopsis speciosa
602	Galeopsis tetrahit	Vas_869	Galeopsis tetrahit
605	Galium aparine	Vas_873	Galium aparine
3566	Galium debile	Vas_876	Galium constrictum
607	Galium mollugo	Vas_879	Galium mollugo
608	Galium odoratum	Vas_183	Galium odoratum
609	Galium palustre	Vas_882	Galium palustre
2844	Galium pumilum	Vas_883.1	Galium pumilum
610	Galium saxatile	Vas_878	Galium saxatile
2715	Galium sp	Vas_4533	Galium
611	Galium sterneri	Vas_883.2	Galium sterneri
612	Galium uliginosum	Vas_887	Galium uliginosum
613	Galium verum	Vas_888	Galium verum
3573	Gaultheria shallon	Vas_890	Gaultheria shallon
614	Genista anglica	Vas_891	Genista anglica
615	Genista tinctoria	Vas_893	Genista tinctoria
617	Gentiana pneumonanthe	Vas_895	Gentiana pneumonanthe
618	Gentiana verna	Vas_896	Gentiana verna
619	Gentianella amarella	Vas_897	Gentianella amarella
2845	Gentianella sp	Vas_4534	Gentianella
622	Geranium dissectum	Vas_907	Geranium dissectum
625	Geranium molle	Vas_911	Geranium molle
629	Geranium pyrenaicum	Vas_917	Geranium pyrenaicum
630	Geranium robertianum	Vas_918	Geranium robertianum
3151	Geranium rotundifolium	Vas_919	Geranium rotundifolium
4380	Geranium sp	Vas_4535	Geranium
632	Geranium sylvaticum	Vas_921	Geranium sylvaticum
633	Geum rivale	Vas_924	Geum rivale
634	Geum urbanum	Vas_925	Geum urbanum
637	Glechoma hederacea	Vas_931	Glechoma hederacea
638	Glyceria declinata	Vas_932	Glyceria declinata
639	Glyceria fluitans	Vas_933	Glyceria fluitans
641	Glyceria plicata	Vas_936	Glyceria notata
3364	Grass sp.	Vas_21259	Poaceae
1716	Grimmia donniana	Bry_298.2	Grimmia donniana
649	Gymnadenia conopsea	Vas_948	Gymnadenia conopsea
1326	Gymnocarpium dryopteris	Vas_2050	Gymnocarpium dryopteris
2133	Gymnocolea inflata	Bry_772	Gymnocolea inflata
2137	Gymnomitrion crenulatum	Bry_776	Gymnomitrion crenulatum
2138	Gymnomitrion obtusum	Bry_777	Gymnomitrion obtusum
2643	Hedera helix (c)	Vas_952	Hedera helix
652	Hedera helix (g)	Vas_952	Hedera helix
2644	Hedera helix (s)	Vas_952	Hedera helix
654	Helianthemum nummularium	Vas_955	Helianthemum nummularium
3688	Helictotrichon sp	Vas_8329	Helictotrichon
661	Heracleum sphondylium	Vas_968	Heracleum sphondylium
1746	Heterocladium heteropterum	Bry_331	Heterocladium heteropterum
2852	Hieracium peleteranum (pil)	Vas_3144	Pilosella peleteriana
3635	Hieracium pilosella ss	Vas_976	Pilosella officinarum
675	Hieracium sp	Vas_2560	Hieracium
677	Hippocrepis comosa	Vas_979	Hippocrepis comosa
679	Hippuris vulgaris	Vas_981	Hippuris vulgaris
680	Holcus lanatus	Vas_983	Holcus lanatus
681	Holcus mollis	Vas_984	Holcus mollis
1562	Homalothecium lutescens	Bry_126	Homalothecium lutescens
1564	Homalothecium sericeum	Bry_128	Homalothecium sericeum
5663	Hordeum distichon	Vas_8281	Hordeum distichon
684	Hordeum murinum	Vas_992	Hordeum murinum
685	Hordeum secalinum	Vas_993	Hordeum secalinum
688	Humulus lupulus	Vas_996	Humulus lupulus
821	Huperzia selago	Vas_1217	Huperzia selago
516	Hyacinthoides nonscripta	Vas_687	Hyacinthoides non-scripta
690	Hydrocotyle vulgaris	Vas_999	Hydrocotyle vulgaris
2146	Hygrobiella laxifolia	Bry_784	Hygrobiella laxifolia
1754	Hygrohypnum luridum	Bry_340	Hygrohypnum luridum
1756	Hygrohypnum ochraceum	Bry_342	Hygrohypnum ochraceum
1761	Hylocomium splendens	Bry_346	Hylocomium splendens
1763	Hyocomium armoricum	Bry_348	Hyocomium armoricum
694	Hypericum androsaemum	Vas_1003	Hypericum androsaemum
695	Hypericum calycinum	Vas_1004	Hypericum calycinum
697	Hypericum hirsutum	Vas_1010	Hypericum hirsutum
698	Hypericum humifusum	Vas_1011	Hypericum humifusum
699	Hypericum maculatum	Vas_1006	Hypericum maculatum
700	Hypericum montanum	Vas_1013	Hypericum montanum
701	Hypericum perforatum	Vas_1014	Hypericum perforatum
702	Hypericum pulchrum	Vas_1015	Hypericum pulchrum
2855	Hypericum sp	Vas_4536	Hypericum
703	Hypericum tetrapterum	Vas_1016	Hypericum tetrapterum
1764	Hypnum bambergeri	Bry_349	Hypnum bambergeri
1766	Hypnum cupressiforme	Bry_4143	Hypnum cupressiforme
2674	Hypnum cupressiforme ssp  resupinatum	Bry_351.6	Hypnum cupressiforme var. resupinatum
3272	Hypnum cupressiforme var cupressiforme	Bry_351.1	Hypnum cupressiforme var. cupressiforme
3273	Hypnum cupressiforme var lacunosum	Bry_351.8	Hypnum cupressiforme var. lacunosum
2695	Hypnum jutlandicum	Bry_351.2	Hypnum jutlandicum
3274	Hypnum mammilatum	Bry_351.5	Hypnum andoi
2856	Hypnum sp	Bry_1167	Hypnum
706	Hypochoeris radicata	Vas_1020	Hypochaeris radicata
4377	Hypochoeris sp	Vas_4984	Hypochaeris
2416	Hypogymnia physodes	Fun_8481	Hypogymnia physodes
2740	Ilex aquifolium (c)	Vas_1023	Ilex aquifolium
2616	Ilex aquifolium (g)	Vas_1023	Ilex aquifolium
707	Ilex aquifolium (s)	Vas_1023	Ilex aquifolium
708	Impatiens glandulifera	Vas_1026	Impatiens glandulifera
711	Inula conyza	Vas_1030	Inula conyzae
715	Iris pseudacorus	Vas_1038	Iris pseudacorus
1772	Isopterygium elegans	Bry_357	Pseudotaxiphyllum elegans
1776	Isothecium myosuroides	Bry_362	Isothecium myosuroides
1777	Isothecium myurum	Bry_363	Isothecium alopecuroides
719	Juncus acutiflorus	Vas_1050	Juncus acutiflorus
720	Juncus acutus	Vas_1052	Juncus acutus
722	Juncus articulatus	Vas_1054	Juncus articulatus
725	Juncus bufonius	Vas_1057.2	Juncus bufonius
726	Juncus bulbosus	Vas_1058	Juncus bulbosus
729	Juncus conglomeratus	Vas_1063	Juncus conglomeratus
730	Juncus effusus	Vas_1067	Juncus effusus
733	Juncus inflexus	Vas_1070	Juncus inflexus
736	Juncus squarrosus	Vas_1075	Juncus squarrosus
738	Juncus trifidus	Vas_1078	Juncus trifidus
739	Juncus triglumis	Vas_1079	Juncus triglumis
2302	Jungermannia atrovirens	Bry_947	Jungermannia atrovirens
2295	Jungermannia exertifolia var cordifolia	Bry_942	Jungermannia exsertifolia
2299	Jungermannia pumila	Bry_944	Jungermannia pumila
2975	Jungermannia sp	Bry_1302	Jungermannia
740	Juniperus communis communis	Vas_1080.1	Juniperus communis subsp. communis
741	Juniperus communis nana	Vas_1080.2	Juniperus communis subsp. nana
743	Knautia arvensis	Vas_1084	Knautia arvensis
744	Kobresia simpliciuscula	Vas_1085	Kobresia simpliciuscula
746	Koeleria macrantha	Vas_1087	Koeleria macrantha
2164	Kurzia pauciflora	Bry_808	Kurzia pauciflora
745	Lagurus ovatus	Vas_1097	Lagurus ovatus
599	Lamiastrum galeobdolon	Vas_862	Lamiastrum galeobdolon
749	Lamium album	Vas_1098	Lamium album
753	Lamium purpureum	Vas_1103	Lamium purpureum
2861	Lamium sp	Vas_5009	Lamium
754	Lapsana communis	Vas_1104	Lapsana communis
755	Larix decidua (c)	Vas_1105	Larix decidua
2618	Larix decidua (g)	Vas_1105	Larix decidua
2617	Larix decidua (s)	Vas_1105	Larix decidua
2864	Larix eurolepis (c)	Vas_2303	Larix decidua x kaempferi (L. x marschlinsii)
2862	Larix kaempferi (c)	Vas_2302	Larix kaempferi
2863	Larix kaempferi (s)	Vas_2302	Larix kaempferi
3168	Larix sp.(g)	Vas_4442	Larix
2865	Larix x eurolepis (s)	Vas_2303	Larix decidua x kaempferi (L. x marschlinsii)
757	Lathyrus montanus	Vas_1112	Lathyrus linifolius
758	Lathyrus pratensis	Vas_1116	Lathyrus pratensis
2748	Lathyrus seedling/sp	Vas_4537	Lathyrus
765	Lemna minor	Vas_1126	Lemna minor
768	Leontodon autumnalis	Vas_1129	Leontodon autumnalis
769	Leontodon hispidus	Vas_1130	Leontodon hispidus
4297	Leontodon sp	Vas_4539	Leontodon
770	Leontodon taraxacoides	Vas_1131	Leontodon saxatilis
773	Lepidium heterophyllum	Vas_1139	Lepidium heterophyllum
2161	Lepidozia pearsonii	Bry_805	Lepidozia pearsonii
2163	Lepidozia reptans	Bry_807	Lepidozia reptans
1782	Leptodontium flexifolium	Bry_368	Leptodontium flexifolium
2208	Leptoscyphus cuneifolius	Bry_853	Leptoscyphus cuneifolius
403	Leucanthemum vulgare	Vas_502	Leucanthemum vulgare
1786	Leucobryum glaucum	Bry_374	Leucobryum glaucum
4440	Lichen spp	XXX_345	Lichenes
2868	Ligustrum vulgare (g)	Vas_1144	Ligustrum vulgare
776	Ligustrum vulgare (s)	Vas_1144	Ligustrum vulgare
783	Linaria vulgaris	Vas_1164	Linaria vulgaris
786	Linum catharticum	Vas_1169	Linum catharticum
787	Listera cordata	Vas_1172	Listera cordata
788	Listera ovata	Vas_1173	Listera ovata
51	Litter	XXX_149	Litter
6016	Liverwort sp	Bry_4328	Marchantiophyta
794	Loiseleuria procumbens	Vas_1180	Loiseleuria procumbens
795	Lolium multiflorum	Vas_1182	Lolium multiflorum
796	Lolium perenne	Vas_1183	Lolium perenne
797	Lolium temulentum	Vas_1185	Lolium temulentum
2645	Lonicera periclymenum (c)	Vas_1188	Lonicera periclymenum
798	Lonicera periclymenum (g)	Vas_1188	Lonicera periclymenum
2646	Lonicera periclymenum (s)	Vas_1188	Lonicera periclymenum
2167	Lophocolea bidentata	Bry_1056	Lophocolea bidentata
2168	Lophocolea cuspidata	Bry_1056	Lophocolea bidentata
2170	Lophocolea heterophylla	Bry_814	Lophocolea heterophylla
3292	Lophocolea sp	Bry_1308	Lophocolea
2172	Lophozia bicrenata	Bry_816	Lophozia bicrenata
2871	Lophozia sp	Bry_1309	Lophozia
2171	Lophozia sudetica	Bry_815	Lophozia sudetica
2180	Lophozia ventricosa	Bry_824	Lophozia ventricosa
800	Lotus corniculatus	Vas_1191	Lotus corniculatus
801	Lotus tenuis	Vas_1193	Lotus glaber
802	Lotus uliginosus	Vas_1194	Lotus pedunculatus
2182	Lunularia cruciata	Bry_826	Lunularia cruciata
807	Luzula campestris	Vas_1201	Luzula campestris
2872	Luzula campestris/multiflora	Vas_23636	Luzula campestris/multiflora
3177	Luzula fosteri	Vas_1202	Luzula forsteri
808	Luzula luzuloides	Vas_1203	Luzula luzuloides
809	Luzula multiflora	Vas_1204	Luzula multiflora
810	Luzula pilosa	Vas_1207	Luzula pilosa
4382	Luzula sp	Vas_5049	Luzula
811	Luzula spicata	Vas_1208	Luzula spicata
812	Luzula sylvatica	Vas_1209	Luzula sylvatica
813	Lychnis flos-cuculi	Vas_1210	Lychnis flos-cuculi
818	Lycopodium annotinum	Vas_1214	Lycopodium annotinum
819	Lycopodium clavatum	Vas_1215	Lycopodium clavatum
3727	Lysichiton americanus	Vas_2619	Lysichiton americanus
825	Lysimachia nemorum	Vas_1221	Lysimachia nemorum
826	Lysimachia nummularia	Vas_1222	Lysimachia nummularia
830	Lysimachia vulgaris	Vas_1225	Lysimachia vulgaris
831	Lythrum salicaria	Vas_1227	Lythrum salicaria
2751	Malus sylvestris (c)	Vas_1230	Malus sylvestris s.l.
2183	Marchantia polymorpha	Bry_827	Marchantia polymorpha
2190	Marsupella emarginata	Bry_831	Marsupella emarginata
2874	Marsupella sp	Bry_1313	Marsupella
2194	Marsupella sprucei	Bry_838	Marsupella sprucei
844	Medicago lupulina	Vas_1250	Medicago lupulina
846	Melampyrum pratense	Vas_1256	Melampyrum pratense
849	Melica uniflora	Vas_1263	Melica uniflora
855	Mentha aquatica	Vas_1272	Mentha aquatica
856	Mentha arvensis	Vas_1273	Mentha arvensis
863	Mercurialis annua	Vas_1290	Mercurialis annua
864	Mercurialis perennis	Vas_1291	Mercurialis perennis
2201	Metzgeria furcata	Bry_845	Metzgeria furcata
867	Milium effusum	Vas_1296	Milium effusum
873	Minuartia verna	Vas_1304	Minuartia verna
1794	Mnium hornum	Bry_382	Mnium hornum
2880	Mnium sp	Bry_1183	Mnium
1805	Mnium spinosum	Bry_393	Mnium spinosum
875	Moehringia trinervia	Vas_1305	Moehringia trinervia
876	Molinia caerulea	Vas_1307	Molinia caerulea
879	Montia fontana	Vas_1312	Montia fontana
881	Montia sibirica	Vas_524	Claytonia sibirica
16	Moss cover (%)	Bry_4322	Bryopsida
882	Mycelis muralis	Vas_1315	Mycelis muralis
2207	Mylia anomala	Bry_852	Mylia anomala
2209	Mylia taylorii	Bry_854	Mylia taylorii
884	Myosotis arvensis	Vas_1317	Myosotis arvensis
887	Myosotis discolor	Vas_1321	Myosotis discolor
886	Myosotis laxa caespitosa	Vas_1319	Myosotis laxa
888	Myosotis ramosissima	Vas_1320	Myosotis ramosissima
889	Myosotis scorpioides	Vas_1322	Myosotis scorpioides
890	Myosotis secunda	Vas_1323	Myosotis secunda
2723	Myosotis seedling/sp	Vas_4542	Myosotis
885	Myosotis stolonifera	Vas_1318	Myosotis stolonifera
891	Myosotis sylvatica	Vas_1325	Myosotis sylvatica
893	Myrica gale	Vas_1328	Myrica gale
2211	Nardia compressa	Bry_856	Nardia compressa
2213	Nardia scalaris	Bry_858	Nardia scalaris
900	Nardus stricta	Vas_1344	Nardus stricta
901	Narthecium ossifragum	Vas_1345	Narthecium ossifragum
1118	Nasturtium officinale	Vas_1347	Rorippa nasturtium-aquaticum
1812	Neckera complanata	Bry_401	Neckera complanata
1813	Neckera crispa	Bry_402	Neckera crispa
905	Nuphar pumila	Vas_1357	Nuphar pumila
3029	Ochrolechia frigida	Fun_8716	Ochrolechia frigida
4351	Ochrolechia pallescens	Fun_8718	Ochrolechia pallescens
907	Odontites vernus	Vas_1361	Odontites vernus
2218	Odontoschisma sphagni	Bry_863	Odontoschisma sphagni
909	Oenanthe crocata	Vas_1363	Oenanthe crocata
1816	Oligotrichum hercynicum	Bry_407	Oligotrichum hercynicum
5184	Omphalina hudsoniana	Fun_9744	Lichenomphalia hudsoniana
3031	Omphalina sp	Fun_4805	Omphalina
914	Ononis repens	Vas_1377	Ononis repens
917	Ophioglossum vulgatum	Vas_1381.2	Ophioglossum vulgatum
924	Ornithogalum umbellatum	Vas_9768	Ornithogalum umbellatum
1820	Orthodontium lineare	Bry_411	Orthodontium lineare
931	Osmunda regalis	Vas_1411	Osmunda regalis
932	Oxalis acetosella	Vas_1413	Oxalis acetosella
2915	Parentucellia viscosa	Vas_1434	Parentucellia viscosa
2461	Parmelia laevigata	Fun_8487	Parmelia laevigata
2464	Parmelia omphalodes	Fun_8759	Parmelia omphalodes
2471	Parmelia saxatilis	Fun_8760	Parmelia saxatilis
2697	Parmelia sp	Fun_8757	Parmelia
944	Parnassia palustris	Vas_1437	Parnassia palustris
945	Pastinaca sativa	Vas_1440	Pastinaca sativa
946	Pedicularis palustris	Vas_1441	Pedicularis palustris
947	Pedicularis sylvatica	Vas_1442	Pedicularis sylvatica
3033	Pellia cf. endiviifolia	Bry_1323	Pellia
3034	Pellia cf. epiphylla	Bry_1323	Pellia
2222	Pellia endiviifolia	Bry_868	Pellia endiviifolia
2223	Pellia epiphylla	Bry_867	Pellia epiphylla
2224	Pellia neesiana	Bry_869	Pellia neesiana
2917	Pellia sp	Bry_1323	Pellia
2485	Peltigera britannica	Fun_8776	Peltigera britannica
2486	Peltigera canina	Fun_8777	Peltigera canina
4366	Peltigera lactucifolia	Fun_8782	Peltigera lactucifolia
3302	Peltigera membranacea	Fun_8786	Peltigera membranacea
2492	Peltigera polydactyla	Fun_8788	Peltigera polydactyla
2494	Peltigera rufescens	Fun_8790	Peltigera rufescens
2918	Peltigera sp	Fun_8775	Peltigera
3775	Pernettya mucronata	Vas_2244	Gaultheria mucronata
955	Phalaris arundinacea	Vas_1454	Phalaris arundinacea
956	Phalaris canariensis	Vas_1455	Phalaris canariensis
1842	Phascum cuspidatum	Bry_434	Phascum cuspidatum
1847	Philonotis fontana	Bry_439	Philonotis fontana
959	Phleum bertolonii	Vas_1461	Phleum bertolonii
960	Phleum pratense	Vas_1463	Phleum pratense
961	Phragmites australis	Vas_1465	Phragmites australis
962	Phyllitis scolopendrium	Vas_1466	Phyllitis scolopendrium
6023	Phytolacca sp	Vas_2991	Phytolacca
2759	Picea abies (c)	Vas_1470	Picea abies
3202	Picea abies (g)	Vas_1470	Picea abies
3201	Picea abies (s)	Vas_1470	Picea abies
3122	Picea sitchensis (c)	Vas_2401	Picea sitchensis
3047	Picea sitchensis (g)	Vas_2401	Picea sitchensis
3203	Picea sp. (c)	Vas_5155	Picea
964	Picris hieracioides	Vas_1472	Picris hieracioides
965	Pilosella officinarum agg	Vas_976	Pilosella officinarum
968	Pimpinella saxifraga	Vas_1476	Pimpinella saxifraga
969	Pinguicula lusitanica	Vas_1480	Pinguicula lusitanica
970	Pinguicula vulgaris	Vas_1481	Pinguicula vulgaris
2920	Pinus nigra (c)	Vas_1482	Pinus nigra
3204	Pinus nigra (s)	Vas_1482	Pinus nigra
4292	Pinus seedling/sp	Vas_4546	Pinus
971	Pinus sylvestris (c)	Vas_1484	Pinus sylvestris
2620	Pinus sylvestris (g)	Vas_1484	Pinus sylvestris
2619	Pinus sylvestris (s)	Vas_1484	Pinus sylvestris
4435	Pinus sylvestris var scoticum	Vas_1484.1	Pinus sylvestris subsp. scotica
5276	Placynthiella icmalea	Fun_8869	Placynthiella icmalea
3129	Placynthiella uliginosa	Fun_8871	Placynthiella uliginosa
2922	Plagiochila asplenioides	Bry_872.2	Plagiochila asplenioides
2226	Plagiochila porelloides	Bry_872.1	Plagiochila porelloides
2230	Plagiochila spinulosa	Bry_874	Plagiochila spinulosa s.l.
1791	Plagiomnium affine	Bry_379	Plagiomnium affine
1793	Plagiomnium cuspidatum	Bry_381	Plagiomnium cuspidatum
1804	Plagiomnium elatum	Bry_392	Plagiomnium elatum
1795	Plagiomnium rostratum	Bry_383	Plagiomnium rostratum
4388	Plagiomnium sp	Bry_1204	Plagiomnium
1807	Plagiomnium undulatum	Bry_395	Plagiomnium undulatum
1858	Plagiothecium denticulatum	Bry_449	Plagiothecium denticulatum
1865	Plagiothecium nemorale	Bry_456	Plagiothecium nemorale
2923	Plagiothecium sp	Bry_1206	Plagiothecium
1867	Plagiothecium succulentum	Bry_458	Plagiothecium succulentum
1868	Plagiothecium undulatum	Bry_459	Plagiothecium undulatum
973	Plantago lanceolata	Vas_1487	Plantago lanceolata
974	Plantago major	Vas_1488	Plantago major
975	Plantago maritima	Vas_1489	Plantago maritima
976	Plantago media	Vas_1490	Plantago media
2330	Platismatia glauca	Fun_9451	Platismatia glauca
1455	Platydictya confervoides	Bry_14	Amblystegium confervoides
1871	Pleurochaete squarrosa	Bry_462	Pleurochaete squarrosa
2237	Pleurozia purpurea	Bry_881	Pleurozia purpurea
1872	Pleurozium schreberi	Bry_463	Pleurozium schreberi
980	Poa angustifolia	Vas_1506.2	Poa angustifolia
981	Poa annua	Vas_1495	Poa annua
982	Poa chaixii	Vas_1498	Poa chaixii
983	Poa compressa	Vas_1499	Poa compressa
986	Poa nemoralis	Vas_1504	Poa nemoralis
987	Poa palustris	Vas_1505	Poa palustris
988	Poa pratensis	Vas_1506.4	Poa pratensis s.str.
2721	Poa sp	Vas_4547	Poa
989	Poa subcaerulea	Vas_1506.5	Poa humilis
990	Poa trivialis	Vas_1507	Poa trivialis
1888	Pogonatum aloides	Bry_479	Pogonatum aloides
1898	Pogonatum urnigerum	Bry_489	Pogonatum urnigerum
2925	Pohlia camptotrachela	Bry_1012	Pohlia camptotrachela
1879	Pohlia carnea	Bry_470	Pohlia melanodon
1884	Pohlia nutans	Bry_475	Pohlia nutans
2924	Pohlia sp	Bry_1213	Pohlia
1887	Pohlia wahlenbergii	Bry_465	Pohlia wahlenbergii
3205	Polygala calcarea	Vas_1512	Polygala calcarea
994	Polygala serpyllifolia	Vas_1514	Polygala serpyllifolia
4390	Polygala sp	Vas_4548	Polygala
995	Polygala vulgaris	Vas_1515	Polygala vulgaris
2929	Polygonum arenastrum	Vas_1520	Polygonum arenastrum
999	Polygonum aviculare	Vas_1523	Polygonum aviculare
1004	Polygonum hydropiper	Vas_1530	Persicaria hydropiper
1005	Polygonum lapathifolium	Vas_1531	Persicaria lapathifolia
1008	Polygonum persicaria	Vas_1537	Persicaria maculosa
1009	Polygonum polystachyum	Vas_1538	Persicaria wallichii
4286	Polygonum sp	Vas_4549	Polygonum
1012	Polygonum viviparum	Vas_1543	Persicaria vivipara
1014	Polypodium australe	Vas_1544.1	Polypodium cambricum
1015	Polypodium vulgare	Vas_1544.2	Polypodium vulgare
1889	Polytrichum alpestre	Bry_480	Polytrichum strictum
1890	Polytrichum alpinum	Bry_481	Polytrichastrum alpinum
1891	Polytrichum commune	Bry_482	Polytrichum commune
1892	Polytrichum formosum	Bry_483	Polytrichastrum formosum
1894	Polytrichum juniperinum	Bry_485	Polytrichum juniperinum
4236	Polytrichum longisetum	Bry_484	Polytrichastrum longisetum
1897	Polytrichum piliferum	Bry_488	Polytrichum piliferum
2930	Polytrichum sp	Bry_1214	Polytrichum
1020	Populus canescens (c)	Vas_1551	Populus alba x tremula (P. x canescens)
1021	Populus nigra	Vas_4313	Populus nigra s.l.
4391	Populus sp	Vas_4550	Populus
1022	Populus tremula (c)	Vas_1555	Populus tremula
3001	Populus tremula (g)	Vas_1555	Populus tremula
2933	Populus tremula (s)	Vas_1555	Populus tremula
2241	Porella platyphylla	Bry_885	Porella platyphylla
1037	Potamogeton polygonifolius	Vas_1576	Potamogeton polygonifolius
1043	Potentilla anserina	Vas_1584	Potentilla anserina
1046	Potentilla erecta	Vas_1588	Potentilla erecta
1049	Potentilla palustris	Vas_1592	Potentilla palustris
1050	Potentilla reptans	Vas_1594	Potentilla reptans
1051	Potentilla sterilis	Vas_1596	Potentilla sterilis
1908	Pottia truncata	Bry_501	Tortula truncata
2243	Preissia quadrata	Bry_887	Preissia quadrata
1054	Primula farinosa	Vas_1603	Primula farinosa
1056	Primula veris	Vas_1605	Primula veris
1058	Primula vulgaris	Vas_1607	Primula vulgaris
1059	Prunella vulgaris	Vas_1610	Prunella vulgaris
1060	Prunus avium (c)	Vas_1611	Prunus avium
2622	Prunus avium (g)	Vas_1611	Prunus avium
2621	Prunus avium (s)	Vas_1611	Prunus avium
1063	Prunus laurocerasus	Vas_1615	Prunus laurocerasus
2752	Prunus padus (c)	Vas_1616	Prunus padus
2623	Prunus padus (g)	Vas_1616	Prunus padus
1064	Prunus padus (s)	Vas_1616	Prunus padus
6030	Prunus serotina	Vas_4450	Prunus serotina
4392	Prunus sp	Vas_4552	Prunus
2936	Prunus spinosa (c)	Vas_1617	Prunus spinosa
2624	Prunus spinosa (g)	Vas_1617	Prunus spinosa
1065	Prunus spinosa (s)	Vas_1617	Prunus spinosa
2324	Pseudephebe pubescens	Fun_9293	Pseudephebe pubescens
2698	Pseudevernia furfuracea	Fun_8948	Pseudevernia furfuracea
1914	Pseudoscleropodium purum	Bry_507	Pseudoscleropodium purum
2937	Pseudotsuga menziesii (c)	Vas_1618	Pseudotsuga menziesii
3214	Pseudotsuga menziesii (g)	Vas_1618	Pseudotsuga menziesii
1066	Pteridium aquilinum	Vas_1619	Pteridium aquilinum
2244	Ptilidium ciliare	Bry_888	Ptilidium ciliare
1919	Ptilium crista-castrensis	Bry_512	Ptilium crista-castrensis
1069	Pulicaria dysenterica	Vas_1625	Pulicaria dysenterica
1075	Quercus cerris (c)	Vas_1635	Quercus cerris
4311	Quercus cerris (s)	Vas_1635	Quercus cerris
1077	Quercus petraea (c)	Vas_1638	Quercus petraea
2626	Quercus petraea (g)	Vas_1638	Quercus petraea
2625	Quercus petraea (s)	Vas_1638	Quercus petraea
1078	Quercus robur (c)	Vas_1640	Quercus robur
2628	Quercus robur (g)	Vas_1640	Quercus robur
2627	Quercus robur (s)	Vas_1640	Quercus robur
2939	Quercus seedling/sp	Vas_4446	Quercus
1926	Racomitrium aciculare	Bry_519	Racomitrium aciculare
2943	Racomitrium affine	Bry_1073	Racomitrium affine
1927	Racomitrium aquaticum	Bry_520	Racomitrium aquaticum
1928	Racomitrium canescens	Bry_521	Racomitrium canescens s.l.
6008	Racomitrium elongatum	Bry_1050	Racomitrium elongatum
1930	Racomitrium fasciculare	Bry_523	Racomitrium fasciculare
1931	Racomitrium heterostichum	Bry_524	Racomitrium heterostichum s.l.
1932	Racomitrium lanuginosum	Bry_525	Racomitrium lanuginosum
2942	Racomitrium sp	Bry_1226	Racomitrium
2525	Ramalina fastigiata	Fun_7993	Ramalina fastigiata
1081	Ranunculus acris	Vas_1642	Ranunculus acris
1083	Ranunculus arvensis	Vas_1644	Ranunculus arvensis
1086	Ranunculus bulbosus	Vas_1647	Ranunculus bulbosus
1088	Ranunculus ficaria	Vas_1649	Ranunculus ficaria
1089	Ranunculus flammula	Vas_1651	Ranunculus flammula
1094	Ranunculus parviflorus	Vas_1659	Ranunculus parviflorus
1095	Ranunculus repens	Vas_1660	Ranunculus repens
1096	Ranunculus reptans	Vas_1661	Ranunculus reptans
1097	Ranunculus sardous	Vas_1662	Ranunculus sardous
2735	Ranunculus seedling/sp	Vas_4555	Ranunculus
1105	Rhamnus cathartica	Vas_1675	Rhamnus cathartica
1106	Rhinanthus minor	Vas_1678	Rhinanthus minor
2944	Rhinanthus minor borealis	Vas_1676	Rhinanthus minor subsp. borealis
3217	Rhinanthus sp	Vas_5193	Rhinanthus
1800	Rhizomnium pseudopunctatum	Bry_388	Rhizomnium pseudopunctatum
1801	Rhizomnium punctatum	Bry_389	Rhizomnium punctatum
1934	Rhodobryum roseum	Bry_527	Rhodobryum roseum
2743	Rhododendron ponticum (c)	Vas_1687	Rhododendron ponticum
2946	Rhododendron ponticum (g)	Vas_1687	Rhododendron ponticum
1107	Rhododendron ponticum (s)	Vas_1687	Rhododendron ponticum
1109	Rhynchospora alba	Vas_1691	Rhynchospora alba
1674	Rhynchostegium confertum	Bry_245	Rhynchostegium confertum
1939	Rhytidiadelphus loreus	Bry_532	Rhytidiadelphus loreus
1940	Rhytidiadelphus squarrosus	Bry_533	Rhytidiadelphus squarrosus
1941	Rhytidiadelphus triquetrus	Bry_534	Rhytidiadelphus triquetrus
1942	Rhytidium rugosum	Bry_535	Rhytidium rugosum
1111	Ribes nigrum	Vas_1694	Ribes nigrum
3218	Ribes rubrum (g)	Vas_1696	Ribes rubrum
1113	Ribes sylvestre (s)	Vas_1696	Ribes rubrum
1114	Ribes uva-crispa	Vas_1697	Ribes uva-crispa
2257	Riccardia chamedryfolia	Bry_902	Riccardia chamedryfolia
2254	Riccardia multifida	Bry_899	Riccardia multifida
2947	Riccia sp	Bry_1335	Riccia
5448	Rinodina interpolata	Fun_9000	Rinodina interpolata
4287	Rorippa sp	Vas_4556	Rorippa
1121	Rosa arvensis	Vas_1707	Rosa arvensis
2754	Rosa canina (g)	Vas_1709	Rosa canina s.str.
1122	Rosa canina agg.	Vas_1708	Rosa canina agg.
2953	Rosa micrantha	Vas_1712	Rosa micrantha
2746	Rosa seedling/sp	Vas_1705	Rosa
1127	Rubus caesius	Vas_1726	Rubus caesius
1128	Rubus chamaemorus	Vas_1727	Rubus chamaemorus
2760	Rubus fruticosus agg (g)	Vas_1728	Rubus fruticosus agg.
1136	Rubus fruticosus agg.	Vas_1728	Rubus fruticosus agg.
1137	Rubus idaeus	Vas_1729	Rubus idaeus
2764	Rubus idaeus (g)	Vas_1729	Rubus idaeus
1138	Rubus saxatilis	Vas_1730	Rubus saxatilis
4393	Rubus sp	Vas_5203	Rubus
3968	Rubus spectabilis	Vas_1731	Rubus spectabilis
1139	Rumex acetosa	Vas_1734	Rumex acetosa
1140	Rumex acetosella	Vas_1735	Rumex acetosella
1142	Rumex conglomeratus	Vas_1741	Rumex conglomeratus
6015	Rumex conglomeratus/sanguineus	Vas_23637	Rumex conglomeratus/sanguineus
1143	Rumex crispus	Vas_1742	Rumex crispus
1147	Rumex obtusifolius	Vas_1748	Rumex obtusifolius
1148	Rumex sanguineus	Vas_1753	Rumex sanguineus
2717	Rumex seedling/sp	Vas_4557	Rumex
1151	Ruscus aculeatus	Vas_1760	Ruscus aculeatus
2271	Saccogyna viticulosa	Bry_918	Saccogyna viticulosa
1153	Sagina apetala apetala	Vas_1762	Sagina apetala subsp. apetala
1156	Sagina nodosa	Vas_1766	Sagina nodosa
1158	Sagina procumbens	Vas_1767	Sagina procumbens
4291	Sagina sp	Vas_5207	Sagina
1160	Sagina subulata	Vas_1769	Sagina subulata
2963	Salix atrocinerea x aurita (s)	Vas_2335	Salix aurita x cinerea (S. x multinervis)
4324	Salix aurita (g)	Vas_1787	Salix aurita
1167	Salix aurita (s)	Vas_1787	Salix aurita
2741	Salix caprea (c)	Vas_1788	Salix caprea
2631	Salix caprea (g)	Vas_1788	Salix caprea
1168	Salix caprea (s)	Vas_1788	Salix caprea
4305	Salix cinerea (c)	Vas_1789	Salix cinerea
2729	Salix cinerea (g)	Vas_1789	Salix cinerea
1169	Salix cinerea (s)	Vas_1789	Salix cinerea
2699	Salix cinerea ssp oleifolia (s)	Vas_1786	Salix cinerea subsp. oleifolia
2742	Salix cinerea ssp oleifolia(c)	Vas_1786	Salix cinerea subsp. oleifolia
1171	Salix herbacea	Vas_1794	Salix herbacea
1174	Salix myrsinites	Vas_1798	Salix myrsinites
3131	Salix purpurea (g)	Vas_1801	Salix purpurea
1179	Salix repens agg.	Vas_1802	Salix repens
2716	Salix seedling/sp	Vas_4558	Salix
1182	Salix viminalis (c)	Vas_1805	Salix viminalis
2967	Salix viminalis (s)	Vas_1805	Salix viminalis
4314	Sambucus nigra (c)	Vas_1815	Sambucus nigra
2633	Sambucus nigra (g)	Vas_1815	Sambucus nigra
1187	Sambucus nigra (s)	Vas_1815	Sambucus nigra
1053	Sanguisorba minor	Vas_5442	Sanguisorba minor
1190	Sanguisorba officinalis	Vas_1818	Sanguisorba officinalis
1191	Sanicula europaea	Vas_1819	Sanicula europaea
1192	Saponaria officinalis	Vas_1821	Saponaria officinalis
1197	Saxifraga granulata	Vas_1830	Saxifraga granulata
1198	Saxifraga hirculus	Vas_1832	Saxifraga hirculus
1199	Saxifraga hypnoides	Vas_1835	Saxifraga hypnoides
1201	Saxifraga oppositifolia	Vas_1837	Saxifraga oppositifolia
2724	Saxifraga spathularis	Vas_1840	Saxifraga spathularis
1203	Saxifraga stellaris	Vas_1842	Saxifraga stellaris
4003	Saxifraga x urbium	Vas_1841	Saxifraga spathularis x umbrosa (S. x urbium)
1205	Scabiosa columbaria	Vas_1846	Scabiosa columbaria
2279	Scapania degenii	Bry_926	Scapania degenii
2280	Scapania gracilis	Bry_927	Scapania gracilis
2282	Scapania irrigua	Bry_929	Scapania irrigua
2284	Scapania nemorosa	Bry_930	Scapania nemorea
2969	Scapania sp	Bry_1338	Scapania
2291	Scapania uliginosa	Bry_937	Scapania uliginosa
2293	Scapania undulata	Bry_939	Scapania undulata
1733	Schistidium strictum	Bry_315	Schistidium strictum
1209	Scirpus cernuus	Vas_1046	Isolepis cernua
1210	Scirpus cespitosus	Vas_1858	Trichophorum cespitosum
1214	Scirpus setaceus	Vas_1047	Isolepis setacea
1945	Scleropodium cespitans	Bry_538	Scleropodium cespitans
4396	Scleropodium sp	Bry_1237	Scleropodium
1220	Scrophularia nodosa	Vas_1867	Scrophularia nodosa
1224	Scutellaria minor	Vas_1874	Scutellaria minor
1225	Sedum acre	Vas_1875	Sedum acre
1227	Sedum anglicum	Vas_1877	Sedum anglicum
1234	Sedum villosum	Vas_1886	Sedum villosum
1235	Selaginella selaginoides	Vas_1888	Selaginella selaginoides
2033	Seligeria carniolica	Bry_629	Seligeria carniolica
1955	Seligeria recurvata	Bry_548	Seligeria recurvata
1237	Senecio erucifolius	Vas_1896	Senecio erucifolius
1239	Senecio jacobaea	Vas_1899	Senecio jacobaea
3314	Senecio sp.	Vas_4588	Senecio
1241	Senecio sylvaticus	Vas_1903	Senecio sylvaticus
1243	Senecio vulgaris	Vas_1905	Senecio vulgaris
3233	Sequoia sempervirens	Vas_2417	Sequoia sempervirens
1245	Sesleria albicans	Vas_1908	Sesleria caerulea
1247	Sherardia arvensis	Vas_1912	Sherardia arvensis
1252	Silene alba	Vas_1258	Silene latifolia
1253	Silene alba x dioica	Vas_1260	Silene dioica x latifolia (S. x hampeana)
1254	Silene dioica	Vas_1259	Silene dioica
4397	Silene sp	Vas_5248	Silene
1259	Silene vulgaris	Vas_4578	Silene vulgaris
1268	Solanum dulcamara (g)	Vas_1947	Solanum dulcamara
2974	Solanum dulcamara (s)	Vas_1947	Solanum dulcamara
3098	Solidago canadensis	Vas_2251	Solidago canadensis
1270	Solidago virgaurea	Vas_1951	Solidago virgaurea
2538	Solorina saccata	Fun_9049	Solorina saccata
1271	Sonchus arvensis	Vas_1952	Sonchus arvensis
1272	Sonchus asper	Vas_1953	Sonchus asper
1273	Sonchus oleraceus	Vas_1954	Sonchus oleraceus
3357	Sonchus sp.	Vas_4560	Sonchus
1274	Sorbus aria (c)	Vas_1958	Sorbus aria
1275	Sorbus aucuparia (c)	Vas_1960	Sorbus aucuparia
2634	Sorbus aucuparia (g)	Vas_1960	Sorbus aucuparia
2597	Sorbus aucuparia (s)	Vas_1960	Sorbus aucuparia
1283	Spergula arvensis	Vas_1987	Spergula arvensis
2540	Sphaerophorus fragilis	Fun_9052	Sphaerophorus fragilis
2541	Sphaerophorus globosus	Fun_9053	Sphaerophorus globosus
6026	Sphagnum auriculatum	Bry_578	Sphagnum denticulatum s.l.
2700	Sphagnum auriculatum var auriculatum	Bry_578.1	Sphagnum denticulatum
2972	Sphagnum auriculatum var inundatum	Bry_578.3	Sphagnum inundatum
1960	Sphagnum capillifolium	Bry_564	Sphagnum capillifolium
1961	Sphagnum compactum	Bry_554	Sphagnum compactum
1963	Sphagnum cuspidatum	Bry_556	Sphagnum cuspidatum
1964	Sphagnum fimbriatum	Bry_557	Sphagnum fimbriatum
1966	Sphagnum girgensohnii	Bry_559	Sphagnum girgensohnii
1969	Sphagnum magellanicum	Bry_562	Sphagnum magellanicum
1971	Sphagnum palustre	Bry_566	Sphagnum palustre
1972	Sphagnum papillosum	Bry_567	Sphagnum papillosum
1975	Sphagnum quinquefarium	Bry_570	Sphagnum quinquefarium
1976	Sphagnum recurvum	Bry_571	Sphagnum recurvum s.l.
1978	Sphagnum russowii	Bry_574	Sphagnum russowii
2738	Sphagnum sp	Bry_1243	Sphagnum
1980	Sphagnum squarrosum	Bry_575	Sphagnum squarrosum
1973	Sphagnum subnitens	Bry_568	Sphagnum subnitens
1984	Sphagnum tenellum	Bry_579	Sphagnum tenellum
6011	Splachnum sp.	Bry_1244	Splachnum
2980	Splachnum sphaericum	Bry_583	Splachnum sphaericum
1291	Stachys arvensis	Vas_2001	Stachys arvensis
234	Stachys officinalis	Vas_237	Stachys officinalis
1292	Stachys palustris	Vas_2003	Stachys palustris
1293	Stachys sylvatica	Vas_2005	Stachys sylvatica
1295	Stellaria alsine	Vas_2007	Stellaria uliginosa
1296	Stellaria graminea	Vas_2009	Stellaria graminea
1297	Stellaria holostea	Vas_2010	Stellaria holostea
1298	Stellaria media	Vas_2012	Stellaria media
1302	Stellaria palustris	Vas_2015	Stellaria palustris
2704	Stellaria seedling/sp	Vas_5266	Stellaria
2548	Stereocaulon evolutum	Fun_9076	Stereocaulon evolutum
2557	Stereocaulon vesuvianum	Fun_9087	Stereocaulon vesuvianum
1305	Succisa pratensis	Vas_2021	Succisa pratensis
1313	Tamus communis	Vas_2032	Tamus communis
4060	Taraxacum brachyglossum (ery)	Vas_3815	Taraxacum brachyglossum
4089	Taraxacum fulvum (ery)	Vas_3852	Taraxacum fulvum
2982	Taraxacum officinale agg.	Vas_5454	Taraxacum sect. Ruderalia
1771	Taxiphyllum wissgrillii	Bry_356	Taxiphyllum wissgrillii
1319	Taxus baccata (c)	Vas_2039	Taxus baccata
2636	Taxus baccata (g)	Vas_2039	Taxus baccata
2635	Taxus baccata (s)	Vas_2039	Taxus baccata
1993	Tetraphis pellucida	Bry_589	Tetraphis pellucida
3246	Teucrium scordium	Vas_2045	Teucrium scordium
1321	Teucrium scorodonia	Vas_2046	Teucrium scorodonia
1322	Thalictrum alpinum	Vas_2047	Thalictrum alpinum
1996	Thamnobryum alopecurum	Bry_592	Thamnobryum alopecurum
3044	Thamnolia vermicularis	Fun_9111	Thamnolia vermicularis
1327	Thelypteris limbosperma	Vas_2051	Oreopteris limbosperma
1329	Thelypteris phegopteris	Vas_2053	Phegopteris connectilis
3247	Thesium humifusum	Vas_2055	Thesium humifusum
1998	Thuidium abietinum	Bry_1353	Abietinella abietina
3350	Thuidium sp.	Bry_1252	Thuidium
2003	Thuidium tamariscinum	Bry_599	Thuidium tamariscinum
4156	Thuja plicata	Vas_2403	Thuja plicata
1333	Thymus praecox arcticus	Vas_2060	Thymus polytrichus
3248	Thymus pulegioides	Vas_2061	Thymus pulegioides
2985	Tilia platyphyllos (c)	Vas_2064	Tilia platyphyllos
1335	Tilia x vulgaris (c)	Vas_2065	Tilia cordata x platyphyllos (T. x europaea)
2638	Tilia x vulgaris (g)	Vas_2065	Tilia cordata x platyphyllos (T. x europaea)
1337	Torilis japonica	Vas_2069	Torilis japonica
2012	Tortella tortuosa	Bry_607	Tortella tortuosa
2014	Tortula cuneifolia	Bry_609	Tortula cuneifolia
1339	Tragopogon pratensis	Vas_2074	Tragopogon pratensis
3097	Trapeliopsis granulosa	Fun_9170	Trapeliopsis granulosa
2309	Trichocolea tomentella	Bry_956	Trichocolea tomentella
1340	Trientalis europaea	Vas_2076	Trientalis europaea
1342	Trifolium campestre	Vas_2080	Trifolium campestre
1343	Trifolium dubium	Vas_2081	Trifolium dubium
1346	Trifolium medium	Vas_2087	Trifolium medium
1349	Trifolium pratense	Vas_2091	Trifolium pratense
1350	Trifolium repens	Vas_2092	Trifolium repens
2709	Trifolium seedling/sp	Vas_5298	Trifolium
1353	Triglochin maritimum	Vas_2101	Triglochin maritimum
1354	Triglochin palustre	Vas_2102	Triglochin palustre
1356	Trisetum flavescens	Vas_2105	Trisetum flavescens
2989	Triticum aestivum	Vas_4367	Triticum aestivum
2313	Tritomaria quinquedentata	Bry_960	Tritomaria quinquedentata
1357	Trollius europaeus	Vas_2106	Trollius europaeus
2990	Tsuga heterophylla	Vas_2404	Tsuga heterophylla
1362	Typha latifolia	Vas_2111	Typha latifolia
2639	Ulex europaeus (g)	Vas_2112	Ulex europaeus
1363	Ulex europaeus (s)	Vas_2112	Ulex europaeus
1364	Ulex gallii	Vas_2113	Ulex gallii
1365	Ulmus glabra (c)	Vas_2119	Ulmus glabra
2641	Ulmus glabra (g)	Vas_2119	Ulmus glabra
2640	Ulmus glabra (s)	Vas_2119	Ulmus glabra
1366	Ulmus procera	Vas_2122	Ulmus procera
2993	Ulmus procera (g)	Vas_2122	Ulmus procera
2992	Ulmus procera (s)	Vas_2122	Ulmus procera
6029	Unidentified broadleaf seedling	Vas_21905	Dicotyledons
6018	Unidentified conifer seedling	Vas_21210	Pinopsida
6028	Unidentified dicot seedling	Vas_21905	Dicotyledons
6021	Unidentified fern gametophyte	Vas_21882	Pteropsida
6019	Unidentified grass seedling	Vas_21259	Poaceae
6017	Unidentified seedling	Vas_20993	Magnoliopsida
1368	Urtica dioica	Vas_2126	Urtica dioica
1369	Urtica urens	Vas_2128	Urtica urens
1373	Utricularia vulgaris	Vas_2132	Utricularia vulgaris s.l.
1375	Vaccinium myrtillus	Vas_2136	Vaccinium myrtillus
1376	Vaccinium oxycoccos	Vas_1419	Vaccinium oxycoccos
1377	Vaccinium uliginosum	Vas_2137	Vaccinium uliginosum
1378	Vaccinium vitis-idaea	Vas_2138	Vaccinium vitis-idaea
1380	Valeriana dioica	Vas_2139	Valeriana dioica
1381	Valeriana officinalis	Vas_2140	Valeriana officinalis
1385	Valerianella locusta	Vas_2145	Valerianella locusta
1387	Verbascum thapsus	Vas_2157	Verbascum thapsus
1390	Veronica agrestis	Vas_2161	Veronica agrestis
1393	Veronica arvensis	Vas_2165	Veronica arvensis
1394	Veronica beccabunga	Vas_2166	Veronica beccabunga
1395	Veronica catenata	Vas_2167	Veronica catenata
1396	Veronica chamaedrys	Vas_2168	Veronica chamaedrys
1397	Veronica filiformis	Vas_2169	Veronica filiformis
1398	Veronica fruticans	Vas_2170	Veronica fruticans
1399	Veronica hederifolia	Vas_2171	Veronica hederifolia
1400	Veronica montana	Vas_2172	Veronica montana
1401	Veronica officinalis	Vas_2173	Veronica officinalis
1403	Veronica persica	Vas_2175	Veronica persica
1405	Veronica scutellata	Vas_2179	Veronica scutellata
2996	Veronica seedling/sp	Vas_4563	Veronica
1407	Veronica serpyllifolia humifusa	Vas_2180.1	Veronica serpyllifolia subsp. humifusa
1406	Veronica serpyllifolia serpyllifolia	Vas_2180.2	Veronica serpyllifolia subsp. serpyllifolia
4304	Viburnum lantana (g)	Vas_2184	Viburnum lantana
2997	Viburnum lantana (s)	Vas_2184	Viburnum lantana
1409	Viburnum opulus (s)	Vas_2185	Viburnum opulus
1411	Vicia cracca	Vas_2189	Vicia cracca
1412	Vicia hirsuta	Vas_2191	Vicia hirsuta
1414	Vicia lutea	Vas_2195	Vicia lutea
2707	Vicia sativa	Vas_2516	Vicia sativa
1410	Vicia sativa nigra	Vas_2186	Vicia sativa subsp. nigra
2747	Vicia seedling/sp	Vas_4564	Vicia
1416	Vicia sepium	Vas_2198	Vicia sepium
1418	Vicia tetrasperma	Vas_2202	Vicia tetrasperma
1422	Viola canina	Vas_2207	Viola canina
1423	Viola hirta	Vas_2210	Viola hirta
1425	Viola lutea	Vas_2212	Viola lutea
1426	Viola odorata	Vas_2214	Viola odorata
1427	Viola palustris	Vas_2215	Viola palustris
1429	Viola riviniana	Vas_2218	Viola riviniana
3348	Viola riviniana x rupestris	Vas_2682	Viola riviniana x rupestris (V. x burnatii)
4376	Viola riviniana/reichenbachiana	Vas_9661	Viola reichenbachiana or Viola riviniana
1430	Viola rupestris	Vas_2219	Viola rupestris
2999	Viola seedling/sp	Vas_4565	Viola
1436	Wahlenbergia hederacea	Vas_2230	Wahlenbergia hederacea
2044	Weissia microstoma	Bry_642	Weissia brachycarpa
3065	Weissia sp	Bry_1260	Weissia
